{
    "lr": 4.8828125e-05,
    "gamma": 0.95,
    "epsilon": 4.8828125e-05
}