{
    "lr": 0.003125,
    "gamma": 0.95,
    "epsilon": 0.003125
}